{"cameraMode":{"drawMode":0,"name":"Shaded","section":"Shading Mode"},"sceneLighting":false,"audioPlay":false,"sceneViewState":{"m_AlwaysRefresh":false,"showFog":true,"showSkybox":false,"showFlares":true,"showImageEffects":true,"showParticleSystems":true,"showVisualEffectGraphs":true,"m_FxEnabled":true},"in2DMode":false,"pivot":{"x":18.809999465942384,"y":0.9616148471832275,"z":-0.01245880126953125},"rotation":{"x":0.007499918807297945,"y":0.0014999548438936473,"z":-0.000011249846465943847,"w":0.9999704957008362},"size":1.9143319129943848,"orthographic":false}